Quantile,pre,µa,µsp,post,µa,µsp,1 mo,µa,µsp,6 mo,µa,µsp,12 mo,µa,µsp,total,µa,µsp,IVH,µa,µsp,PBI,µa,µsp,wavelength (nm),distance (cm)
Max_DR,0.005624530978193582,0.063732,3.985426,0.0052071997561826296,0.077234,4.457463,0.005290019178792911,0.078241,3.661419,0.005015152576018347,0.08925566666666666,4.038289333333334,0.004926360850489861,0.09540399999999999,3.676574,0.005624530978193582,0.063732,3.985426,0.005609654199253527,0.03621108122662699,2.1626915416167023,0.00542011295775457,0.0698005,4.3179425,673,1
99%_DR,0.004739964685322674,nan,nan,0.004852169501058142,nan,nan,0.004718866967136506,nan,nan,0.004198816114460793,nan,nan,0.004131016327741741,nan,nan,0.004708190141853884,nan,nan,0.005058967018213116,nan,nan,0.004385155567176094,nan,nan,673,1
95%_DR,0.00416946882269167,nan,nan,0.004437570788681541,nan,nan,0.004337718044275719,nan,nan,0.003431999881123322,nan,nan,0.003438741302948364,nan,nan,0.00416397435183939,nan,nan,0.004814282656512913,nan,nan,0.0035979153890633177,nan,nan,673,1
5%_DR,0.0015748168358235464,nan,nan,0.0017824855257408474,nan,nan,0.001607738283525613,nan,nan,0.0011811946940045864,nan,nan,0.0009768175047406404,nan,nan,0.0012832739305524052,nan,nan,0.0016679596956188046,nan,nan,0.0016589953789999032,nan,nan,673,1
1%_DR,0.0013415201018307686,nan,nan,0.0012518664944507554,nan,nan,0.001161440436140219,nan,nan,0.0008194419331285753,nan,nan,0.0007008376756457114,nan,nan,0.000845775308167544,nan,nan,0.0013433315386372029,nan,nan,0.001273993604974997,nan,nan,673,1
Min_DR,0.0010120018119866353,0.219423,12.561047,0.0008498015588702546,0.30313366666666663,10.979082666666669,0.0007731727995032771,0.41735733333333336,8.844211666666666,0.0004845448091323122,0.34396133333333334,13.37968,0.0005897576874989757,0.339914,12.249653333333333,0.0004845448091323122,0.34396133333333334,13.37968,0.0010387739485995563,0.2615125,10.9037735,0.0009285376517415135,0.2027355,13.920864,673,1
Max_DR,0.0057687059082126586,0.05847266666666667,3.9426543333333335,0.005573727669055457,0.064261,4.263497,0.005566973105019251,0.06628833333333332,3.5112236666666665,0.00517255090190172,0.0827295,3.922251,0.005182367476008633,0.08309233333333334,3.4912310000000004,0.0057687059082126586,0.05847266666666667,3.9426543333333335,0.00575424828225552,0.0555055,4.57965,0.006076420404777347,0.046549,3.392318,686,1
99%_DR,0.0051358036878797345,nan,nan,0.00510323143237234,nan,nan,0.005020672652088776,nan,nan,0.004537197998141358,nan,nan,0.00452139734201359,nan,nan,0.005022182001622718,nan,nan,0.005427499591131066,nan,nan,0.005076578817835928,nan,nan,686,1
95%_DR,0.004557862248677019,nan,nan,0.00474908556037458,nan,nan,0.004719311591554088,nan,nan,0.0039112358646803775,nan,nan,0.0037600941544968076,nan,nan,0.004534634144138969,nan,nan,0.005182768382445629,nan,nan,0.004140006625833809,nan,nan,686,1
5%_DR,0.001859592161848983,nan,nan,0.0021003339655283368,nan,nan,0.001898509583591573,nan,nan,0.0014757031409773614,nan,nan,0.001214575509301913,nan,nan,0.0015570309756755495,nan,nan,0.0018265939914601486,nan,nan,0.001736557178510139,nan,nan,686,1
1%_DR,0.001591223776463853,nan,nan,0.0015401816899760228,nan,nan,0.0014159509376995404,nan,nan,0.0010750418642504367,nan,nan,0.0009099081191074325,nan,nan,0.0010965617335936516,nan,nan,0.0015625518292580278,nan,nan,0.0014258391659033958,nan,nan,686,1
Min_DR,0.0012557653261976987,0.181521,12.497507,0.0010883252573466837,0.2527703333333333,10.865581,0.0009468621419552402,0.240806,12.239002,0.0006563833583595623,0.28298466666666666,13.317338333333332,0.0007517880187302526,0.30426966666666666,11.732917,0.0006563833583595623,0.28298466666666666,13.317338333333332,0.001284407417674594,0.20253,11.453639,0.0011636962751084927,0.179786,13.1827355,686,1
Max_DR,0.006013728190075607,0.04489,3.015598,0.00578512036300483,0.05766733333333333,4.016257333333333,0.005688213503285787,0.0608775,3.384668,0.005476239930676977,0.069263,3.32279,0.005264346217404983,0.07940349999999999,3.574494,0.006013728190075607,0.04489,3.015598,0.0059535557487783095,0.0501395,4.391721,0.006225432654025966,0.040008,3.213373,701,1
99%_DR,0.0054063013890866965,nan,nan,0.0053548151461344316,nan,nan,0.0052650989609651175,nan,nan,0.004648214606667424,nan,nan,0.004827664267948814,nan,nan,0.005252374043407902,nan,nan,0.005636848637342203,nan,nan,0.005296516261396245,nan,nan,701,1
95%_DR,0.004782255248727483,nan,nan,0.004979155715903396,nan,nan,0.0049723205820811035,nan,nan,0.004103219057556209,nan,nan,0.004024262264240376,nan,nan,0.004764710481305573,nan,nan,0.005397688775860555,nan,nan,0.004438855457606677,nan,nan,701,1
5%_DR,0.002153806986733226,nan,nan,0.002354525916085514,nan,nan,0.002196121848082703,nan,nan,0.0017510223156773478,nan,nan,0.0014645911456520305,nan,nan,0.001837121897095376,nan,nan,0.0020387975213362335,nan,nan,0.0019527878793907023,nan,nan,701,1
1%_DR,0.0018572156734500912,nan,nan,0.0018657782468716679,nan,nan,0.0017432328872898576,nan,nan,0.0013493124090500643,nan,nan,0.0012167308545161062,nan,nan,0.0013729252855913458,nan,nan,0.001805247416287122,nan,nan,0.0016426447990546358,nan,nan,701,1
Min_DR,0.001561710017758516,0.16002,11.73369,0.0013729826433171463,0.22292366666666666,10.238213666666667,0.0011228877669200122,0.216819,11.896488,0.0008283998755143621,0.23948466666666668,13.251164666666666,0.0009413376850543554,0.2683473333333333,11.350093666666666,0.0008283998755143621,0.23948466666666668,13.251164666666666,0.0015250358505751293,0.178008,11.135972,0.0014203020362811456,0.178998667,11.64447167,701,1
Max_DR,0.0059625182963317725,0.05028,4.313523666666667,0.005814297957812024,0.056999999999999995,3.8335483333333333,0.005790920073134109,0.053141,3.006793,0.005553510298675603,0.062435,2.976761,0.005375902216238513,0.07396050000000001,3.3848380000000002,0.0059625182963317725,0.05028,4.313523666666667,0.005953523209768253,0.0504975,4.328276499999999,0.006234747846724275,0.039064,3.155036,724,1
99%_DR,0.005505647699402803,nan,nan,0.005419129219771925,nan,nan,0.005450291130534337,nan,nan,0.004791888666816539,nan,nan,0.005049565670536142,nan,nan,0.005378285901506655,nan,nan,0.005671511123823232,nan,nan,0.005392867071014775,nan,nan,724,1
95%_DR,0.004969369269676166,nan,nan,0.005091764526126444,nan,nan,0.005116406064078324,nan,nan,0.004390852828960339,nan,nan,0.0043037698044002095,nan,nan,0.004925747474864432,nan,nan,0.005502412964649905,nan,nan,0.004594984201754167,nan,nan,724,1
5%_DR,0.002356860454233539,nan,nan,0.0025781167591261986,nan,nan,0.002341858240904971,nan,nan,0.001957404208150625,nan,nan,0.0017274672141920668,nan,nan,0.0020809422492522674,nan,nan,0.002303680347399368,nan,nan,0.0022095651737812755,nan,nan,724,1
1%_DR,0.002007339996015532,nan,nan,0.002188152078224356,nan,nan,0.0019286404644175015,nan,nan,0.0014959732045845902,nan,nan,0.0014885607022525281,nan,nan,0.0016256326303913612,nan,nan,0.0019516929298237578,nan,nan,0.001745209558341229,nan,nan,724,1
Min_DR,0.0017513973841419418,0.17166700000000001,10.3302955,0.0014594409115556144,0.221023,9.872733,0.001313157795447636,0.201717,11.32083,0.0010413676679448085,0.22232933333333335,12.238145333333334,0.001202331850370595,0.22552399999999997,11.086147666666667,0.0010413676679448085,0.22232933333333335,12.238145333333334,0.0017624915715811886,0.1594,10.794224,0.0015352327986234537,0.174444,11.233236,724,1
Max_DR,0.005285964688385648,0.075786,4.244998,0.005391893647011835,0.072198,3.215109,0.005437607985748243,0.07176650000000001,3.766743,0.0053182891381300485,0.0723235,2.9328765,0.005160482341405666,0.08150333333333333,3.0535496666666666,0.005437607985748243,0.07176650000000001,3.766743,0.0056537131738710845,0.06257850000000001,3.998166,0.005539619749793462,0.067574,3.589364,754,1
99%_DR,0.005046840857596581,nan,nan,0.004964585475358041,nan,nan,0.004949983378177062,nan,nan,0.00480532682422059,nan,nan,0.004788445479018495,nan,nan,0.004946758766106171,nan,nan,0.005335372351104859,nan,nan,0.00498801271866082,nan,nan,754,1
95%_DR,0.004594590812915314,nan,nan,0.004711255492145785,nan,nan,0.004764403785888555,nan,nan,0.00426796219917779,nan,nan,0.004081894635304115,nan,nan,0.004589061614945775,nan,nan,0.005188023211465435,nan,nan,0.0042664033012429076,nan,nan,754,1
5%_DR,0.0022805606789269473,nan,nan,0.002437416225978278,nan,nan,0.002328697686402989,nan,nan,0.0018812190031828855,nan,nan,0.0016846421195307025,nan,nan,0.0020204403362951763,nan,nan,0.002184755253584425,nan,nan,0.002133682454683748,nan,nan,754,1
1%_DR,0.0019643866562943993,nan,nan,0.0019669202069868548,nan,nan,0.0018657168259663451,nan,nan,0.0014872401103145395,nan,nan,0.0014337632654658956,nan,nan,0.0015835904371433473,nan,nan,0.001933212332694231,nan,nan,0.001639947570842208,nan,nan,754,1
Min_DR,0.0015930827572319822,0.21025850000000001,9.612450500000001,0.0015981765434574914,0.22891966666666666,8.990593000000002,0.0012840107026537353,0.233688,10.348872,0.0009228105984037196,0.280529,11.106062333333334,0.0011300699929369874,0.23894066666666666,11.060572666666667,0.0009228105984037196,0.280529,11.106062333333334,0.0016550201058967034,0.230308,8.70794,0.001392251274256325,0.2269835,10.006248,754,1
Max_DR,0.005879749213615687,0.054211666666666665,4.048433,0.00568006561745774,0.06191,3.567010666666667,0.005733152445182113,0.059118500000000004,3.3860349999999997,0.005735873382283366,0.059818,3.597422,0.005316073112530233,0.07065133333333333,2.8276326666666667,0.005879749213615687,0.054211666666666665,4.048433,0.005891201180166332,0.0541295,3.920329,0.00571496501553008,0.059521,3.335506,784,1
99%_DR,0.0054008232170783465,nan,nan,0.005299104820817487,nan,nan,0.005395933041012913,nan,nan,0.005052435611883631,nan,nan,0.005106313876267338,nan,nan,0.005287172916805704,nan,nan,0.005737080602871156,nan,nan,0.005348153329139521,nan,nan,784,1
95%_DR,0.004980063052971793,nan,nan,0.005055136195659689,nan,nan,0.005085679344192033,nan,nan,0.004654124550801667,nan,nan,0.004482272721211887,nan,nan,0.004951188354769353,nan,nan,0.005537102812299253,nan,nan,0.004512980181813458,nan,nan,784,1
5%_DR,0.0026363911938543055,nan,nan,0.002785505809264338,nan,nan,0.002718711794004666,nan,nan,0.0022692847994406247,nan,nan,0.0020734819150861456,nan,nan,0.002390557076254997,nan,nan,0.002629335252760007,nan,nan,0.002326891407014267,nan,nan,784,1
1%_DR,0.0023101262055335173,nan,nan,0.0023814780771133606,nan,nan,0.002256515913354236,nan,nan,0.0018225827912566291,nan,nan,0.0017438129914618729,nan,nan,0.0019037145687526805,nan,nan,0.0022531264193871472,nan,nan,0.0018943991188892229,nan,nan,784,1
Min_DR,0.0018685091067041591,0.194885,8.986020666666667,0.001962870258497725,0.19909600000000002,8.486740666666668,0.001488725440819971,0.205829,10.251297,0.0013104269032975884,0.2682523333333333,9.172330333333333,0.0013835063923067555,0.20271666666666666,10.898140666666665,0.0013104269032975884,0.2682523333333333,9.172330333333333,0.0018908226483270356,0.197018,8.827195,0.0016982062442341618,0.171408,10.578375,784,1
Max_DR,0.005923025677143288,0.05313,3.78472,0.005716046306263011,0.05886266666666667,3.252951,0.005798297086939982,0.05575666666666667,3.2657473333333336,0.005403148089879881,0.06553875,2.7734942499999997,0.00544010840597399,0.06699250000000001,4.560638,0.005923025677143288,0.05313,3.78472,0.005934553699847991,0.05205066666666666,4.128588,0.005997703781651867,0.042713,2.850012,814,1
99%_DR,0.005422050798316103,nan,nan,0.005411104506432029,nan,nan,0.005461724801397576,nan,nan,0.005102883139903742,nan,nan,0.005126262992610209,nan,nan,0.005371473814232332,nan,nan,0.005854054225877128,nan,nan,0.0056208923088269394,nan,nan,814,1
95%_DR,0.005098735592255215,nan,nan,0.005194683235659147,nan,nan,0.00515807760657529,nan,nan,0.004747680497836548,nan,nan,0.004597606883943187,nan,nan,0.005059016285084332,nan,nan,0.00558534729470037,nan,nan,0.004659066274751087,nan,nan,814,1
5%_DR,0.0028442629321583494,nan,nan,0.0029847919448079204,nan,nan,0.002920005483071161,nan,nan,0.002453961685412655,nan,nan,0.002242924483870499,nan,nan,0.0025708608220153173,nan,nan,0.002669736912230927,nan,nan,0.0023900714324841875,nan,nan,814,1
1%_DR,0.0024656306768567155,nan,nan,0.0025532228301445832,nan,nan,0.002403370481551956,nan,nan,0.0019393476056023481,nan,nan,0.0019142996513032177,nan,nan,0.002062512268820181,nan,nan,0.0022734142104558343,nan,nan,0.0019568384640518558,nan,nan,814,1
Min_DR,0.0019567241183520876,0.199959,8.481076,0.002191223236830506,0.2112063333333333,7.308315333333333,0.0016210919803350543,0.203182,9.72937,0.0014217433122349556,0.2697623333333333,8.601562333333334,0.001537151540351645,0.203426,10.104985666666666,0.0014217433122349556,0.2697623333333333,8.601562333333334,0.0018986334362119763,0.2152265,8.2108745,0.0014459577152079188,0.246593,9.140351,814,1
Max_DR,0.0057628124173604335,0.05894433333333333,3.749261333333333,0.0055404261051486365,0.06626066666666668,3.2814286666666668,0.005624178290034717,0.06270833333333334,3.2711753333333333,0.005231884226271735,0.07544599999999999,2.87041275,0.005288209500551881,0.07812200000000001,3.449802333333333,0.0057628124173604335,0.05894433333333333,3.749261333333333,0.006730521257520989,0.02833706242161169,3.812333666666666,0.005863151651276539,0.047324,2.828172,827,1
99%_DR,0.005379020617559678,nan,nan,0.005231199810207268,nan,nan,0.00534978638114958,nan,nan,0.00496740033595514,nan,nan,0.004837468987272804,nan,nan,0.005220449708783715,nan,nan,0.005720922873287655,nan,nan,0.005318083496851168,nan,nan,827,1
95%_DR,0.004970423949774334,nan,nan,0.004998711265459578,nan,nan,0.00499696529372223,nan,nan,0.004603490908035553,nan,nan,0.004433490418200811,nan,nan,0.004906758048666354,nan,nan,0.005407887698689848,nan,nan,0.004672611846878955,nan,nan,827,1
5%_DR,0.0027450364791197774,nan,nan,0.002897685027479402,nan,nan,0.002840865389837813,nan,nan,0.002365683118265524,nan,nan,0.0021840691580315838,nan,nan,0.0025110569341480135,nan,nan,0.002941204115359184,nan,nan,0.0024336842870657017,nan,nan,827,1
1%_DR,0.00240417382180475,nan,nan,0.0024496960262360805,nan,nan,0.002347501276814878,nan,nan,0.0018976021032232843,nan,nan,0.001865076256707485,nan,nan,0.002022074003776643,nan,nan,0.0024929810942371246,nan,nan,0.0020102176620352104,nan,nan,827,1
Min_DR,0.0018774968218662996,0.21065,8.433095666666667,0.0021115714930727294,0.051165,0.698782,0.0015942336430905357,0.216353,9.405359,0.0013830519347124497,0.28062133333333333,8.492767666666667,0.0014910971542261826,0.21548066666666665,9.906345333333334,0.0013830519347124497,0.28062133333333333,8.492767666666667,0.0022060816213095437,0.1086726666666667,11.429353,0.0014799724924125868,0.26605,8.440109,827,1
Max_DR,0.001904502494257753,0.063732,3.985426,0.002045716851104379,0.07502133333333333,2.0817263333333336,0.0018663245810073522,0.09035800000000001,2.5801323333333332,0.0017700506938921616,0.1031125,2.191636,0.0016061868269845077,0.09540399999999999,3.676574,0.002045716851104379,0.07502133333333333,2.0817263333333336,0.0025915864024833616,0.03621108122662699,2.1626915416167023,0.002589872208913533,0.024796374076105968,1.5991320782595013,673,1.5
99%_DR,0.0014686403400557121,nan,nan,0.0018611476594797367,nan,nan,0.0015920855194795185,nan,nan,0.0012190080398315343,nan,nan,0.001210873401745418,nan,nan,0.001641683368013117,nan,nan,0.001689500342800809,nan,nan,0.0011796787895467851,nan,nan,673,1.5
95%_DR,0.001087264217215851,nan,nan,0.0015571209259948406,nan,nan,0.001376366443204564,nan,nan,0.0007909757357600267,nan,nan,0.0007786338060841477,nan,nan,0.0012247429778079544,nan,nan,0.0014751474831474181,nan,nan,0.0007849595726312272,nan,nan,673,1.5
5%_DR,0.0002110450123544332,nan,nan,0.00025424582696571563,nan,nan,0.00021527919005286214,nan,nan,0.0001317768985627886,nan,nan,9.854661342854483e-05,nan,nan,0.00015208859893855612,nan,nan,0.00023018205697567865,nan,nan,0.0002259350617178483,nan,nan,673,1.5
1%_DR,0.00016147339311751272,nan,nan,0.0001448984159108184,nan,nan,0.00012994930015373788,nan,nan,7.671913252245856e-05,nan,nan,5.9039227076724505e-05,nan,nan,7.855019824659675e-05,nan,nan,0.00016477046725574891,nan,nan,0.00015163673696816303,nan,nan,673,1.5
Min_DR,0.00010567034567915454,0.219423,12.561047,7.880633137740214e-05,0.30313366666666663,10.979082666666669,6.825224510933166e-05,0.41735733333333336,8.844211666666666,3.335084744929902e-05,0.34396133333333334,13.37968,4.484086218038815e-05,0.339914,12.249653333333333,3.335084744929902e-05,0.34396133333333334,13.37968,0.00010809091400072262,0.2615125,10.9037735,9.418240969182799e-05,0.2027355,13.920864,673,1.5
Max_DR,0.001991421991565378,0.05847266666666667,3.9426543333333335,0.002179088657040316,0.06279766666666667,1.9977803333333333,0.0020065000988095105,0.07808666666666667,2.5174773333333333,0.001924674673808527,0.086463,2.0634875,0.0017818458919652332,0.08309233333333334,3.4912310000000004,0.002179088657040316,0.06279766666666667,1.9977803333333333,0.002629375413274739,0.03390205030824573,2.1431140533161854,0.002672745338615437,0.023135574501162864,1.691831048760707,686,1.5
99%_DR,0.0016817125621452931,nan,nan,0.0019561810006758604,nan,nan,0.001829663058626354,nan,nan,0.0015086042106744382,nan,nan,0.0014412394603583862,nan,nan,0.0018225588855033152,nan,nan,0.001976462580815498,nan,nan,0.0016392036487584225,nan,nan,686,1.5
95%_DR,0.0012933601584552482,nan,nan,0.0017089782314724169,nan,nan,0.0015726858674667517,nan,nan,0.0009642513830883056,nan,nan,0.000902882633582233,nan,nan,0.0014240207326339965,nan,nan,0.001730512200980097,nan,nan,0.0009882988564637102,nan,nan,686,1.5
5%_DR,0.00027151436812610646,nan,nan,0.00033104273396118933,nan,nan,0.00027950181947941025,nan,nan,0.00018744004566730125,nan,nan,0.00013952831124010024,nan,nan,0.00020567593668177972,nan,nan,0.0002661948727321276,nan,nan,0.00024873452303618567,nan,nan,686,1.5
1%_DR,0.0002117598497933932,nan,nan,0.00020096829851983433,nan,nan,0.00017722415998605215,nan,nan,0.00011436551204621787,nan,nan,8.824488964963065e-05,nan,nan,0.00011734251191907266,nan,nan,0.00020613242922802062,nan,nan,0.00018790425392299084,nan,nan,686,1.5
Min_DR,0.0001489769151960976,0.181521,12.497507,0.00011631719168493933,0.2527703333333333,10.865581,9.464901314754671e-05,0.240806,12.239002,5.376743740601173e-05,0.28298466666666666,13.317338333333332,6.536410117897699e-05,0.30426966666666666,11.732917,5.376743740601173e-05,0.28298466666666666,13.317338333333332,0.00015216751487910036,0.20253,11.453639,0.00013340161151455737,0.179786,13.1827355,686,1.5
Max_DR,0.0024177509719246807,0.04489,3.015598,0.002142249222505649,0.067469,2.34931,0.002232345086332778,0.058781,2.757163,0.002064982456200761,0.073663,2.1506605,0.001805363657611456,0.07940349999999999,3.574494,0.0024177509719246807,0.04489,3.015598,0.002685451350339163,0.030444282771141102,2.1038896472568367,0.0027171946951500244,0.02075495312407325,1.6905660131459481,701,1.5
99%_DR,0.0017819406300681223,nan,nan,0.002012645952885562,nan,nan,0.0019483144188084424,nan,nan,0.0014100207677569525,nan,nan,0.0016020022962625114,nan,nan,0.0019088536073176164,nan,nan,0.002125464947712041,nan,nan,0.0018324770092116428,nan,nan,701,1.5
95%_DR,0.001457505539164009,nan,nan,0.0017595169639680278,nan,nan,0.0017229952797541887,nan,nan,0.0010735890414366827,nan,nan,0.0010009887077189136,nan,nan,0.0015434581884737346,nan,nan,0.001877941083857029,nan,nan,0.0011275613041143702,nan,nan,701,1.5
5%_DR,0.00034186842657836595,nan,nan,0.000393500277294225,nan,nan,0.00035340914698784876,nan,nan,0.0002461032957926576,nan,nan,0.0001871530335471189,nan,nan,0.0002661443642153986,nan,nan,0.0003140743882016132,nan,nan,0.00029414968187385757,nan,nan,701,1.5
1%_DR,0.00027021084395230073,nan,nan,0.0002721130614153169,nan,nan,0.00024461694101317305,nan,nan,0.0001632166487000201,nan,nan,0.00013941085595447673,nan,nan,0.00016758604829519519,nan,nan,0.000258999766694039,nan,nan,0.00023017954187177397,nan,nan,701,1.5
Min_DR,0.0002088159287437212,0.16002,11.73369,0.000167322699839005,0.22292366666666666,10.238213666666667,0.00012354240380721654,0.216819,11.896488,7.766599220273013e-05,0.23948466666666668,13.251164666666666,9.285782036703527e-05,0.2683473333333333,11.350093666666666,7.766599220273013e-05,0.23948466666666668,13.251164666666666,0.0001993745568864716,0.178008,11.135972,0.00017911287452749598,0.178998667,11.64447167,701,1.5
Max_DR,0.0024300723541755736,0.045179,2.894146,0.002185648768153231,0.064063,2.310986,0.0023609901184569173,0.05129,2.554608,0.002160338484601135,0.064779,2.039317,0.0019354316399842247,0.0770525,3.104872,0.0024300723541755736,0.045179,2.894146,0.0027425515644213592,0.02657390811280643,2.032400356912489,0.0026620714362002797,0.019620575985972312,1.5664698958476797,724,1.5
99%_DR,0.0019063642729106839,nan,nan,0.002062883955405399,nan,nan,0.0020481955039051607,nan,nan,0.0017014836551246008,nan,nan,0.001805292443126491,nan,nan,0.002003997151829885,nan,nan,0.0021579902921412307,nan,nan,0.0019368672458958212,nan,nan,724,1.5
95%_DR,0.0016187564850657166,nan,nan,0.0018275018821357317,nan,nan,0.0018486232987208898,nan,nan,0.001218403069445695,nan,nan,0.0011829218479694286,nan,nan,0.0016731861642302244,nan,nan,0.0019377383947624895,nan,nan,0.0012057445449537465,nan,nan,724,1.5
5%_DR,0.0003961096040743854,nan,nan,0.00045796822208896636,nan,nan,0.00040036621559566896,nan,nan,0.00029505473876566626,nan,nan,0.00024204867553495707,nan,nan,0.0003258005474280729,nan,nan,0.0003813244681999244,nan,nan,0.00035826798126170395,nan,nan,724,1.5
1%_DR,0.000306816924617246,nan,nan,0.0003498602610029728,nan,nan,0.00028929158297049594,nan,nan,0.00019414144604759648,nan,nan,0.00018979023279774312,nan,nan,0.00022229079819450617,nan,nan,0.0002980379442308008,nan,nan,0.0002572574111632841,nan,nan,724,1.5
Min_DR,0.00024663536337430204,0.17166700000000001,10.3302955,0.00018401257121428114,0.221023,9.872733,0.0001573812928699348,0.201717,11.32083,0.00011008576999446936,0.22232933333333335,12.238145333333334,0.00013645511970056186,0.22552399999999997,11.086147666666667,0.00011008576999446936,0.22232933333333335,12.238145333333334,0.00025033841787978065,0.1594,10.794224,0.0002017544923880937,0.174444,11.233236,724,1.5
Max_DR,0.0019757607134442937,0.08176166666666666,2.134208833333333,0.0021408591406277475,0.064948,1.918951,0.0019896853753236347,0.079158,2.569024,0.0020246340806077652,0.0723235,2.9328765,0.001892407499362939,0.08150333333333333,3.0535496666666666,0.0021408591406277475,0.064948,1.918951,0.0026336026207475164,0.029431024302782806,1.8586468120284159,0.002389328165187665,0.024257699476898622,1.3193362415659247,754,1.5
99%_DR,0.0016595865874517739,nan,nan,0.0019231380065953525,nan,nan,0.001872916095838577,nan,nan,0.0017071917443418736,nan,nan,0.0015983776060362778,nan,nan,0.0018579297325277018,nan,nan,0.00200766474596945,nan,nan,0.0015923717854242386,nan,nan,754,1.5
95%_DR,0.0013836829451051398,nan,nan,0.0017119823387035408,nan,nan,0.0016436467099143791,nan,nan,0.0012008383383032336,nan,nan,0.0011245586897876026,nan,nan,0.0015138742775409725,nan,nan,0.0017922284107892675,nan,nan,0.0010787971629413866,nan,nan,754,1.5
5%_DR,0.0003757992504356271,nan,nan,0.00042060371147075647,nan,nan,0.0003910222737871698,nan,nan,0.00027597804102659994,nan,nan,0.000232200891067228,nan,nan,0.0003101528454484059,nan,nan,0.00034959206347838484,nan,nan,0.00033907085567719166,nan,nan,754,1.5
1%_DR,0.0002989461084004319,nan,nan,0.00029599286136453484,nan,nan,0.0002721230874778929,nan,nan,0.00018960857240732617,nan,nan,0.00017912744809058298,nan,nan,0.00021055003751581928,nan,nan,0.0002896068064965621,nan,nan,0.00022350602425138757,nan,nan,754,1.5
Min_DR,0.00021125746999471045,0.21025850000000001,9.612450500000001,0.0002124044579987462,0.22891966666666666,8.990593000000002,0.00015057195831559624,0.233688,10.348872,8.980835531986146e-05,0.280529,11.106062333333334,0.00012365433735838684,0.23894066666666666,11.060572666666667,8.980835531986146e-05,0.280529,11.106062333333334,0.00022475890317740738,0.230308,8.70794,0.00017086570637361842,0.2269835,10.006248,754,1.5
Max_DR,0.0021989441485054293,0.0550195,3.2968525,0.0022595759270175302,0.052752,1.787739,0.002277303285477351,0.055762,2.751838,0.0022373664634874296,0.059753,2.543341,0.0020620098990840993,0.07065133333333333,2.8276326666666667,0.002277303285477351,0.055762,2.751838,0.002648560255635561,0.0260148126651441,1.7483217010501266,0.002418034172935543,0.022241131297500744,1.317128358621389,784,1.5
99%_DR,0.0018747050329887976,nan,nan,0.002067197973252675,nan,nan,0.0020533812683290365,nan,nan,0.0019072580897244664,nan,nan,0.0018341427993108952,nan,nan,0.002012308692570242,nan,nan,0.002153518438688881,nan,nan,0.0019979926231460795,nan,nan,784,1.5
95%_DR,0.001610225766469272,nan,nan,0.0018271369859860752,nan,nan,0.0018712468798548559,nan,nan,0.001402774499795073,nan,nan,0.001324784955288517,nan,nan,0.0017230583040310238,nan,nan,0.0019759509743280793,nan,nan,0.0012490282088034493,nan,nan,784,1.5
5%_DR,0.0004770491716359751,nan,nan,0.0005227951049570907,nan,nan,0.0004983814791046118,nan,nan,0.000370865135838614,nan,nan,0.0003227713467908229,nan,nan,0.00040491907287667285,nan,nan,0.00047424586053051223,nan,nan,0.00038705047515746074,nan,nan,784,1.5
1%_DR,0.0003863504119975007,nan,nan,0.000403359744148281,nan,nan,0.00036876111722767825,nan,nan,0.00026189540468766933,nan,nan,0.0002481899143062046,nan,nan,0.0002801257584853547,nan,nan,0.00037045458595799365,nan,nan,0.0002806535987047044,nan,nan,784,1.5
Min_DR,0.00027197775743984204,0.194885,8.986020666666667,0.0002946821332892476,0.19909600000000002,8.486740666666668,0.0001902651432977663,0.205829,10.251297,0.00015526229686453264,0.2682523333333333,9.172330333333333,0.00017023981136944283,0.20271666666666666,10.898140666666665,0.00015526229686453264,0.2682523333333333,9.172330333333333,0.00027725889472246545,0.197018,8.827195,0.00023532156706032055,0.171408,10.578375,784,1.5
Max_DR,0.002383213358607013,0.048469,2.825348,0.002301774380131921,0.055539,2.3652465,0.002448009217721196,0.042153,1.934507,0.0022984261986743796,0.055497000000000005,2.2395925,0.0021354878233625393,0.06721666666666666,2.5658093333333336,0.002448009217721196,0.042153,1.934507,0.0025759912792895664,0.02814398828627161,1.6768232343824236,0.0024785962287349,0.042713,2.850012,814,1.5
99%_DR,0.002055209094802751,nan,nan,0.002055270344342378,nan,nan,0.0021437614856932275,nan,nan,0.0019173953159193652,nan,nan,0.0019140528858598055,nan,nan,0.002035688541362791,nan,nan,0.0022161542021829784,nan,nan,0.0020886727658768005,nan,nan,814,1.5
95%_DR,0.0017427932320153378,nan,nan,0.001900877311424055,nan,nan,0.001945809550536706,nan,nan,0.001504991649190629,nan,nan,0.0014346622023149547,nan,nan,0.0018117544080425143,nan,nan,0.002069533881612623,nan,nan,0.0013350100984502468,nan,nan,814,1.5
5%_DR,0.0005371918007238748,nan,nan,0.0005815539272227045,nan,nan,0.0005653964254046368,nan,nan,0.0004244155150196959,nan,nan,0.000367475965753526,nan,nan,0.000456523243596716,nan,nan,0.0004890688765976078,nan,nan,0.00040555080813971364,nan,nan,814,1.5
1%_DR,0.000431545904980265,nan,nan,0.00045402446163526374,nan,nan,0.0004088483580767707,nan,nan,0.0002923945003299883,nan,nan,0.00028278122320759077,nan,nan,0.00031936282117164165,nan,nan,0.000372527344315844,nan,nan,0.0002954134005995582,nan,nan,814,1.5
Min_DR,0.00029323546070986726,0.199959,8.481076,0.0003565367625567033,0.2112063333333333,7.308315333333333,0.00021725156661545487,0.203182,9.72937,0.000177129861066728,0.2697623333333333,8.601562333333334,0.00020001077951597093,0.203426,10.104985666666666,0.000177129861066728,0.2697623333333333,8.601562333333334,0.00028028084102335983,0.2152265,8.2108745,0.00018129726862527585,0.246593,9.140351,814,1.5
Max_DR,0.002269182698153594,0.05529166666666666,2.8746336666666665,0.002186797137306555,0.055154,1.658089,0.0023042330762185937,0.05532,2.453769,0.0021497925804439496,0.066702,2.2056313333333333,0.002059877742638724,0.07316266666666667,2.577245,0.0023042330762185937,0.05532,2.453769,0.002581206586072419,0.02833706242161169,3.812333666666666,0.002401832903291691,0.047324,2.828172,827,1.5
99%_DR,0.0019547583536737184,nan,nan,0.0020145050558853296,nan,nan,0.002069119384808007,nan,nan,0.0018431783881689787,nan,nan,0.001794986983058318,nan,nan,0.0019785272505711948,nan,nan,0.00209505180787578,nan,nan,0.0021110135682919566,nan,nan,827,1.5
95%_DR,0.001670245908044045,nan,nan,0.001855480418646799,nan,nan,0.0018795590136567498,nan,nan,0.0014491688877993837,nan,nan,0.001338642260430704,nan,nan,0.001747424946772225,nan,nan,0.0019365437992352305,nan,nan,0.0013658162204062366,nan,nan,827,1.5
5%_DR,0.0005109837023184106,nan,nan,0.0005646915300310463,nan,nan,0.0005441454886654639,nan,nan,0.000401838527502973,nan,nan,0.00035085588875018766,nan,nan,0.0004393440477407212,nan,nan,0.0005723276757490218,nan,nan,0.00041614421322401393,nan,nan,827,1.5
1%_DR,0.0004111098532055578,nan,nan,0.0004301924246126893,nan,nan,0.00039359844448030244,nan,nan,0.0002795128345277746,nan,nan,0.0002739697133976065,nan,nan,0.00031008506715787847,nan,nan,0.000433361000962791,nan,nan,0.0003072053941109162,nan,nan,827,1.5
Min_DR,0.00027479319784553846,0.21065,8.433095666666667,0.00034611325429656265,0.209425,7.4822533333333325,0.0002114400315646845,0.216353,9.405359,0.000169813637153227,0.28062133333333333,8.492767666666667,0.00019040041863683477,0.21548066666666665,9.906345333333334,0.000169813637153227,0.28062133333333333,8.492767666666667,0.0003630530796845279,0.193518,7.741176,0.00018895179598724416,0.26605,8.440109,827,1.5
Max_DR,0.0008176248496797332,0.09627033333333333,2.275355333333333,0.0010683789080485142,0.060847,1.199392,0.0008058362342789951,0.09035800000000001,2.5801323333333332,0.0007910030062202375,0.1031125,2.191636,0.0005937557742858287,0.09540399999999999,3.676574,0.0010683789080485142,0.060847,1.199392,0.001338221259783343,0.03621108122662699,2.1626915416167023,0.0014864790857531817,0.024796374076105968,1.5991320782595013,673,2
99%_DR,0.0005289016650352117,nan,nan,0.0009310107986569069,nan,nan,0.0006593667992401496,nan,nan,0.000402931443648359,nan,nan,0.0003947614287933072,nan,nan,0.0006800793395503181,nan,nan,0.0006569159753107523,nan,nan,0.0003754153505245713,nan,nan,673,2
95%_DR,0.0003284830377306781,nan,nan,0.0006074661273176257,nan,nan,0.000497832547931937,nan,nan,0.00021003645396054248,nan,nan,0.00020857430412770292,nan,nan,0.00040081112213446535,nan,nan,0.0005376596123858324,nan,nan,0.0002077276925565688,nan,nan,673,2
5%_DR,3.441436854324599e-05,nan,nan,4.456670621378268e-05,nan,nan,3.542072700186682e-05,nan,nan,1.8256283354065403e-05,nan,nan,1.2325796106508625e-05,nan,nan,2.202081757563781e-05,nan,nan,3.925275934858821e-05,nan,nan,3.830106609301671e-05,nan,nan,673,2
1%_DR,2.3702711000540098e-05,nan,nan,2.027928116553851e-05,nan,nan,1.8125853694767117e-05,nan,nan,8.673262353491174e-06,nan,nan,6.362084486294667e-06,nan,nan,9.137338465954986e-06,nan,nan,2.5341473511299876e-05,nan,nan,2.2632517158603664e-05,nan,nan,673,2
Min_DR,1.382238587045822e-05,0.219423,12.561047,9.007757521365878e-06,0.30313366666666663,10.979082666666669,7.2400714068328945e-06,0.41735733333333336,8.844211666666666,2.861009243581167e-06,0.34396133333333334,13.37968,4.226057472186364e-06,0.339914,12.249653333333333,2.861009243581167e-06,0.34396133333333334,13.37968,1.3898896413301896e-05,0.2615125,10.9037735,1.2059405246528448e-05,0.2027355,13.920864,673,2
Max_DR,0.000907382771855501,0.08385733333333334,2.181123,0.0011185079805088045,0.054608,1.226332,0.0008967030741981925,0.07808666666666667,2.5174773333333333,0.0009051254486478695,0.086463,2.0634875,0.0006933791349952987,0.08309233333333334,3.4912310000000004,0.0011185079805088045,0.054608,1.226332,0.0013692661166439294,0.03390205030824573,2.1431140533161854,0.0015207027256436882,0.023135574501162864,1.691831048760707,686,2
99%_DR,0.0006367159764865156,nan,nan,0.0010164413870186971,nan,nan,0.000803384055789833,nan,nan,0.0005410901602638955,nan,nan,0.0005145402609233017,nan,nan,0.000800899524613609,nan,nan,0.0008482123362882682,nan,nan,0.0005928861911578593,nan,nan,686,2
95%_DR,0.0004269444263612296,nan,nan,0.0006869581841509045,nan,nan,0.0006035239842875144,nan,nan,0.00027917917344683286,nan,nan,0.00025382740228200397,nan,nan,0.0004996973416377914,nan,nan,0.0006727002721351508,nan,nan,0.00028672398995453725,nan,nan,686,2
5%_DR,5.02709433834641e-05,nan,nan,6.314788011002137e-05,nan,nan,5.0685446369423866e-05,nan,nan,2.9551685622816946e-05,nan,nan,2.0008280130667603e-05,nan,nan,3.3643658387273014e-05,nan,nan,4.719409492291164e-05,nan,nan,4.488730197718775e-05,nan,nan,686,2
1%_DR,3.449420636584971e-05,nan,nan,3.173710900186246e-05,nan,nan,2.764978071913346e-05,nan,nan,1.5030141153730999e-05,nan,nan,1.069856013510036e-05,nan,nan,1.5547380079137348e-05,nan,nan,3.3113861812575594e-05,nan,nan,3.1113134608396835e-05,nan,nan,686,2
Min_DR,2.2219331452131016e-05,0.181521,12.497507,1.536892905415827e-05,0.2527703333333333,10.865581,1.180971460460649e-05,0.240806,12.239002,5.509119135430825e-06,0.28298466666666666,13.317338333333332,7.039080142741457e-06,0.30426966666666666,11.732917,5.509119135430825e-06,0.28298466666666666,13.317338333333332,2.247965318375529e-05,0.20253,11.453639,1.929219622034091e-05,0.179786,13.1827355,686,2
Max_DR,0.0010972187185674669,0.04489,3.015598,0.0011647254428782607,0.048471,1.222902,0.0010087152727102557,0.058781,2.757163,0.000982501089939909,0.073663,2.1506605,0.0007271491631143783,0.10683,2.4928665,0.0011647254428782607,0.048471,1.222902,0.001418356454975738,0.030444282771141102,2.1038896472568367,0.0015559552742331507,0.02075495312407325,1.6905660131459481,701,2
99%_DR,0.0006947189743585513,nan,nan,0.001059697333623402,nan,nan,0.000848944464279565,nan,nan,0.00047431021080740097,nan,nan,0.0005856920823889719,nan,nan,0.0008279565992586329,nan,nan,0.0009442658365123983,nan,nan,0.0007294639965687486,nan,nan,701,2
95%_DR,0.0005029170951622123,nan,nan,0.0007314462315266691,nan,nan,0.0006874953642239533,nan,nan,0.0003312664818584949,nan,nan,0.0002955133692174458,nan,nan,0.0005646434443018008,nan,nan,0.0007515426474067275,nan,nan,0.0003426949190957896,nan,nan,701,2
5%_DR,6.701583000532129e-05,nan,nan,8.084553247358167e-05,nan,nan,6.954304081731799e-05,nan,nan,4.2983068339986595e-05,nan,nan,2.9060111435471923e-05,nan,nan,4.753425352156398e-05,nan,nan,6.023813866168289e-05,nan,nan,5.524300642892169e-05,nan,nan,701,2
1%_DR,4.814997754969888e-05,nan,nan,4.8625703834536385e-05,nan,nan,4.256549312812453e-05,nan,nan,2.438558629064744e-05,nan,nan,1.9674745080845e-05,nan,nan,2.5594316980245108e-05,nan,nan,4.593045395529533e-05,nan,nan,4.0420282986966145e-05,nan,nan,701,2
Min_DR,3.451589487247801e-05,0.179292,10.844897333333334,2.5155606030637507e-05,0.22292366666666666,10.238213666666667,1.697039521080387e-05,0.216819,11.896488,9.135759103021566e-06,0.23948466666666668,13.251164666666666,1.1347587049841503e-05,0.2683473333333333,11.350093666666666,9.135759103021566e-06,0.23948466666666668,13.251164666666666,3.252249970199646e-05,0.178008,11.135972,2.8271501991670624e-05,0.178998667,11.64447167,701,2
Max_DR,0.0011177199217470846,0.045179,2.894146,0.0011601297124704368,0.047309,1.173396,0.0011153160257764774,0.05129,2.554608,0.0010641308949434027,0.064779,2.039317,0.0008259223726762464,0.092306,2.3781055,0.0011601297124704368,0.047309,1.173396,0.001477242479374144,0.02657390811280643,2.032400356912489,0.001555392432749037,0.019620575985972312,1.5664698958476797,724,2
99%_DR,0.0007584321921501616,nan,nan,0.0010862042738313082,nan,nan,0.0009515147477261326,nan,nan,0.0006313302925615857,nan,nan,0.0007023456788780245,nan,nan,0.0009314826310233901,nan,nan,0.0009845572244498622,nan,nan,0.0007996609723596438,nan,nan,724,2
95%_DR,0.0005859342768672606,nan,nan,0.0007930909823218228,nan,nan,0.0007667764451966607,nan,nan,0.000391226369000852,nan,nan,0.0003719278781944061,nan,nan,0.0006350603090236397,nan,nan,0.000799276881508805,nan,nan,0.0003775697054850564,nan,nan,724,2
5%_DR,8.14490541278175e-05,nan,nan,9.994738873317638e-05,nan,nan,8.274773571137858e-05,nan,nan,5.4801749268650494e-05,nan,nan,4.216050109036644e-05,nan,nan,6.27224156233135e-05,nan,nan,7.836451744249715e-05,nan,nan,7.304842226780155e-05,nan,nan,724,2
1%_DR,5.666769416613228e-05,nan,nan,6.843008581807776e-05,nan,nan,5.381526062706989e-05,nan,nan,3.1518665719815623e-05,nan,nan,2.9902054256278214e-05,nan,nan,3.731813914888705e-05,nan,nan,5.6910406521683994e-05,nan,nan,4.8333233661857535e-05,nan,nan,724,2
Min_DR,4.311603580260607e-05,0.17166700000000001,10.3302955,2.8539307009080663e-05,0.221023,9.872733,2.3502050012278647e-05,0.201717,11.32083,1.4549968181889658e-05,0.22232933333333335,12.238145333333334,1.9221170187128053e-05,0.22552399999999997,11.086147666666667,1.4549968181889658e-05,0.22232933333333335,12.238145333333334,4.436420370882237e-05,0.1594,10.794224,3.311767710185995e-05,0.174444,11.233236,724,2
Max_DR,0.0009609927242727423,0.080164,1.923805,0.001075793331227545,0.06510899999999999,1.8645753333333335,0.0009723228984862755,0.080958,1.513214,0.001021782262748351,0.073293,1.515921,0.0007803783159829896,0.08150333333333333,3.0535496666666666,0.001075793331227545,0.06510899999999999,1.8645753333333335,0.0014412231748324013,0.029431024302782806,1.8586468120284159,0.0014312178041518803,0.024257699476898622,1.3193362415659247,754,2
99%_DR,0.0006145041707909873,nan,nan,0.0010109871367451697,nan,nan,0.0008621977109166723,nan,nan,0.0006678258697263693,nan,nan,0.0006261356318486078,nan,nan,0.0008525614181112047,nan,nan,0.0009004864328094009,nan,nan,0.0005745598266859569,nan,nan,754,2
95%_DR,0.0004771736040579055,nan,nan,0.0007136368044779938,nan,nan,0.0006707260563993107,nan,nan,0.000380911416337212,nan,nan,0.00034791790568942254,nan,nan,0.0005594173021116058,nan,nan,0.0007237537901845894,nan,nan,0.00032180339612832205,nan,nan,754,2
5%_DR,7.56078844057447e-05,nan,nan,8.750875761434938e-05,nan,nan,7.915342373564891e-05,nan,nan,4.934103911497517e-05,nan,nan,3.902967214451399e-05,nan,nan,5.826342198477483e-05,nan,nan,6.850198063568461e-05,nan,nan,6.666994589413077e-05,nan,nan,754,2
1%_DR,5.505580356498885e-05,nan,nan,5.4059547367284967e-05,nan,nan,4.815788917283285e-05,nan,nan,2.9453103603581234e-05,nan,nan,2.7530407462608293e-05,nan,nan,3.421061340012062e-05,nan,nan,5.3732021939984483e-05,nan,nan,3.789436201185485e-05,nan,nan,754,2
Min_DR,3.441677562822872e-05,0.21025850000000001,9.612450500000001,3.4407519803271794e-05,0.22891966666666666,8.990593000000002,2.1780149423266605e-05,0.233688,10.348872,1.0799915094957393e-05,0.280529,11.106062333333334,1.677009682793643e-05,0.23894066666666666,11.060572666666667,1.0799915094957393e-05,0.280529,11.106062333333334,3.708588216999399e-05,0.230308,8.70794,2.5809553587893794e-05,0.2269835,10.006248,754,2
Max_DR,0.001000766009086299,0.06965900000000001,2.2435156666666667,0.0011846415524017309,0.052752,1.787739,0.001087700453504086,0.061950000000000005,1.353083,0.0011057318233223886,0.060182,1.39379,0.0008977776736497269,0.07065133333333333,2.8276326666666667,0.0011846415524017309,0.052752,1.787739,0.0014842684028721523,0.0260148126651441,1.7483217010501266,0.0014558527127181875,0.022241131297500744,1.317128358621389,784,2
99%_DR,0.0007553955386310717,nan,nan,0.00107056116134569,nan,nan,0.0009838412002610732,nan,nan,0.000800896380982229,nan,nan,0.0007486130744254145,nan,nan,0.0009562280565059907,nan,nan,0.001007403028439599,nan,nan,0.0008115709292279747,nan,nan,784,2
95%_DR,0.0005977177198742965,nan,nan,0.0008157393829591504,nan,nan,0.0008042037836590046,nan,nan,0.0004819923380159827,nan,nan,0.00044334967046521893,nan,nan,0.0006786707572834573,nan,nan,0.0008323128217225324,nan,nan,0.0003959015934255706,nan,nan,784,2
5%_DR,0.00010401846680343834,nan,nan,0.00011906384833220474,nan,nan,0.00011033668060265167,nan,nan,7.412035362919974e-05,nan,nan,6.0788968716782464e-05,nan,nan,8.382292653120832e-05,nan,nan,0.00010348335886734952,nan,nan,7.885907258151946e-05,nan,nan,784,2
1%_DR,7.761545584297092e-05,nan,nan,8.245796751088742e-05,nan,nan,7.306169226010591e-05,nan,nan,4.6002505288447935e-05,nan,nan,4.239273684932157e-05,nan,nan,5.053582845877151e-05,nan,nan,7.585107798149031e-05,nan,nan,5.162546256818065e-05,nan,nan,784,2
Min_DR,4.841619400596519e-05,0.194885,8.986020666666667,5.378394058466821e-05,0.19909600000000002,8.486740666666668,3.0052070046833073e-05,0.205829,10.251297,2.2387853366586686e-05,0.2682523333333333,9.172330333333333,2.6023836796806412e-05,0.20271666666666666,10.898140666666665,2.2387853366586686e-05,0.2682523333333333,9.172330333333333,4.9625625185047395e-05,0.197018,8.827195,4.055908675097353e-05,0.171408,10.578375,784,2
Max_DR,0.001138837442408164,0.05801200000000001,1.6315270000000002,0.0011547046906652948,0.044719,1.09678,0.0012857923731038527,0.042153,1.934507,0.0011376805804588742,0.0582265,1.6963979999999999,0.0009705734385938204,0.06721666666666666,2.5658093333333336,0.0012857923731038527,0.042153,1.934507,0.001450345945248508,0.02814398828627161,1.6768232343824236,0.001348763828523492,0.02809234150497563,1.209470398892963,814,2
99%_DR,0.0008954986850115965,nan,nan,0.001045463155938086,nan,nan,0.001011463868233799,nan,nan,0.0008175355989893013,nan,nan,0.0008255775546321151,nan,nan,0.0009658421417150744,nan,nan,0.0010528449995387803,nan,nan,0.0008763544581301744,nan,nan,814,2
95%_DR,0.0006856279577371036,nan,nan,0.0008281114811831709,nan,nan,0.0008674662746790841,nan,nan,0.0005458916417858682,nan,nan,0.0004998904753064728,nan,nan,0.0007471428679848841,nan,nan,0.0008985767428864734,nan,nan,0.00043644177853848447,nan,nan,814,2
5%_DR,0.000122486985841989,nan,nan,0.0001382602461495833,nan,nan,0.00013185631789192607,nan,nan,8.826882440604053e-05,nan,nan,7.286260314734313e-05,nan,nan,9.817274055153396e-05,nan,nan,0.0001086621353403967,nan,nan,8.31387567509962e-05,nan,nan,814,2
1%_DR,9.025383551979855e-05,nan,nan,9.684420625189063e-05,nan,nan,8.406939299972487e-05,nan,nan,5.350568421039745e-05,nan,nan,5.2260116911552506e-05,nan,nan,6.0484914395240006e-05,nan,nan,7.42245497126645e-05,nan,nan,5.4953663844398696e-05,nan,nan,814,2
Min_DR,5.341603756093023e-05,0.199959,8.481076,6.937047838767387e-05,0.2112063333333333,7.308315333333333,3.5832748712405745e-05,0.203182,9.72937,2.6691246930329502e-05,0.2697623333333333,8.601562333333334,3.2132835333048436e-05,0.203426,10.104985666666666,2.6691246930329502e-05,0.2697623333333333,8.601562333333334,5.0054487998548945e-05,0.2152265,8.2108745,2.7704989352841735e-05,0.246593,9.140351,814,2
Max_DR,0.0010922115527303286,0.06384433333333332,1.6288413333333331,0.0011635379303180553,0.055154,1.658089,0.0010926271799439485,0.05532,2.453769,0.0011066359263231416,0.061804,1.5702169999999998,0.0009225443878039865,0.07316266666666667,2.577245,0.0011635379303180553,0.055154,1.658089,0.0011398132525844166,0.02833706242161169,3.812333666666666,0.0013196558619435496,0.028784446636345683,1.154837858172446,827,2
99%_DR,0.0008517510117770522,nan,nan,0.0010782492857398494,nan,nan,0.0010093540206580097,nan,nan,0.0007750452827559987,nan,nan,0.0007448094979815162,nan,nan,0.0009680232939396885,nan,nan,0.0009490368997321251,nan,nan,0.0009479703288768772,nan,nan,827,2
95%_DR,0.0006424457850216779,nan,nan,0.0008534490224523433,nan,nan,0.0008419287927295232,nan,nan,0.0005091737519141956,nan,nan,0.00046162302192896936,nan,nan,0.0007190242936601157,nan,nan,0.0008234948847821531,nan,nan,0.0004603797789020567,nan,nan,827,2
5%_DR,0.00011424875244405638,nan,nan,0.00013078805016753913,nan,nan,0.00012420594646524177,nan,nan,8.18703692041809e-05,nan,nan,6.847846005980399e-05,nan,nan,9.305722163651014e-05,nan,nan,0.00013492460388116604,nan,nan,8.694954425779691e-05,nan,nan,827,2
1%_DR,8.43805774371134e-05,nan,nan,9.01761507237261e-05,nan,nan,7.98259727527398e-05,nan,nan,4.99768859063591e-05,nan,nan,4.880929205937007e-05,nan,nan,5.79761591774537e-05,nan,nan,9.111741741051115e-05,nan,nan,5.744912624263724e-05,nan,nan,827,2
Min_DR,4.880665275658288e-05,0.21065,8.433095666666667,6.663628680096707e-05,0.209425,7.4822533333333325,3.436354798348083e-05,0.216353,9.405359,2.5166042366381927e-05,0.28062133333333333,8.492767666666667,2.9931340705264503e-05,0.21548066666666665,9.906345333333334,2.5166042366381927e-05,0.28062133333333333,8.492767666666667,7.128959332250262e-05,0.193518,7.741176,2.9132805175542395e-05,0.26605,8.440109,827,2
Max_DR,0.00038879769728317274,0.09627033333333333,2.275355333333333,0.0006419097555531608,0.060847,1.199392,0.00037755601673717905,0.1083655,2.037743,0.0003759596096000178,0.1031125,2.191636,0.0002379397061891702,0.09540399999999999,3.676574,0.0006419097555531608,0.060847,1.199392,0.0007375739013992497,0.03621108122662699,2.1626915416167023,0.0009070945700985043,0.024796374076105968,1.5991320782595013,673,2.5
99%_DR,0.000205840492902589,nan,nan,0.0005007558338489394,nan,nan,0.00028304622532968776,nan,nan,0.00014424371091335467,nan,nan,0.00014028918806277698,nan,nan,0.0003016902605048942,nan,nan,0.00027470263723553234,nan,nan,0.00013131032497353396,nan,nan,673,2.5
95%_DR,0.00010984784709802643,nan,nan,0.00025241177781432393,nan,nan,0.00019133490484127673,nan,nan,6.163493418957697e-05,nan,nan,6.118482540203851e-05,nan,nan,0.0001432565491599204,nan,nan,0.00021122443476041843,nan,nan,6.198813855435601e-05,nan,nan,673,2.5
5%_DR,6.366415767221991e-06,nan,nan,8.740105599723191e-06,nan,nan,6.673989954018331e-06,nan,nan,2.855295101135014e-06,nan,nan,1.7702164782059758e-06,nan,nan,3.5873507699952156e-06,nan,nan,7.564599164137634e-06,nan,nan,7.572083117830697e-06,nan,nan,673,2.5
1%_DR,3.990618160452905e-06,nan,nan,3.1839450007737086e-06,nan,nan,2.8699954827519725e-06,nan,nan,1.1110381847927174e-06,nan,nan,7.653986657543144e-07,nan,nan,1.1982058457892593e-06,nan,nan,4.438517435415267e-06,nan,nan,3.8479031207488385e-06,nan,nan,673,2.5
Min_DR,2.0571706451161813e-06,0.219423,12.561047,1.1636576487878644e-06,0.30313366666666663,10.979082666666669,8.586648040824059e-07,0.41735733333333336,8.844211666666666,2.7841758632831935e-07,0.34396133333333334,13.37968,4.509458234150035e-07,0.339914,12.249653333333333,2.7841758632831935e-07,0.34396133333333334,13.37968,2.0225778538830216e-06,0.2615125,10.9037735,1.7617942902245407e-06,0.2027355,13.920864,673,2.5
Max_DR,0.00044821962960686336,0.08385733333333334,2.181123,0.0006766068242530994,0.054608,1.226332,0.0004643928230581557,0.100874,1.436201,0.00045261645546104884,0.086463,2.0634875,0.0002920089794507004,0.08309233333333334,3.4912310000000004,0.0006766068242530994,0.054608,1.226332,0.0007611198441998912,0.03390205030824573,2.1431140533161854,0.0009207330044701011,0.023135574501162864,1.691831048760707,686,2.5
99%_DR,0.0002591533119414214,nan,nan,0.0005669672908447481,nan,nan,0.00035797788341784137,nan,nan,0.0002105655972626355,nan,nan,0.0001990713126464498,nan,nan,0.0003727709895866459,nan,nan,0.00038977333351645653,nan,nan,0.00023833817378363683,nan,nan,686,2.5
95%_DR,0.0001535510334348828,nan,nan,0.0003024333200570109,nan,nan,0.00025068245898610494,nan,nan,8.936553061057721e-05,nan,nan,7.862007906341473e-05,nan,nan,0.0001905012534196547,nan,nan,0.0002783342029700484,nan,nan,9.302156805455019e-05,nan,nan,686,2.5
5%_DR,1.0324956172853061e-05,nan,nan,1.3882636929575513e-05,nan,nan,1.0500912243611235e-05,nan,nan,5.246161092348779e-06,nan,nan,3.2247526461114903e-06,nan,nan,6.1994510564889735e-06,nan,nan,9.613419116884428e-06,nan,nan,9.357901203891733e-06,nan,nan,686,2.5
1%_DR,6.45510077834961e-06,nan,nan,5.626859687341309e-06,nan,nan,4.893930646697137e-06,nan,nan,2.2332487742088175e-06,nan,nan,1.4711973097811629e-06,nan,nan,2.3053612187139036e-06,nan,nan,6.222348056652826e-06,nan,nan,5.8194025568130086e-06,nan,nan,686,2.5
Min_DR,3.7505820364601678e-06,0.20579166666666668,11.325379666666665,2.298730551980212e-06,0.2527703333333333,10.865581,1.6740278827582424e-06,0.240806,12.239002,6.414573934199967e-07,0.28298466666666666,13.317338333333332,8.582644984622315e-07,0.30426966666666666,11.732917,6.414573934199967e-07,0.28298466666666666,13.317338333333332,3.773313320228382e-06,0.20253,11.453639,3.183802728782166e-06,0.179786,13.1827355,686,2.5
Max_DR,0.0005372880405780582,0.04489,3.015598,0.0007130748422505262,0.048471,1.222902,0.0004890223658998116,0.058781,2.757163,0.0004976174401761248,0.073663,2.1506605,0.00032827238826492347,0.10683,2.4928665,0.0007130748422505262,0.048471,1.222902,0.0007995908756464057,0.030444282771141102,2.1038896472568367,0.0009483440957864437,0.02075495312407325,1.6905660131459481,701,2.5
99%_DR,0.000293486732429881,nan,nan,0.0006060564849976288,nan,nan,0.0003857910166292018,nan,nan,0.0001756980931197887,nan,nan,0.00023281477106795956,nan,nan,0.0003858393007189853,nan,nan,0.00046786421263313963,nan,nan,0.00031694343895506834,nan,nan,701,2.5
95%_DR,0.00019041463291337462,nan,nan,0.0003251012881828336,nan,nan,0.0002893945085556315,nan,nan,0.00011069693459921757,nan,nan,9.571023046087028e-05,nan,nan,0.00022396811777219597,nan,nan,0.0003275778748740717,nan,nan,0.00011670570644053438,nan,nan,701,2.5
5%_DR,1.504445443496926e-05,nan,nan,1.8928549532654447e-05,nan,nan,1.5891915363838487e-05,nan,nan,8.523111019363688e-06,nan,nan,5.144284469586054e-06,nan,nan,9.630718519139366e-06,nan,nan,1.3130965151914906e-05,nan,nan,1.1954796928831903e-05,nan,nan,701,2.5
1%_DR,9.766947230051551e-06,nan,nan,9.773915090686118e-06,nan,nan,8.402987933221863e-06,nan,nan,4.094959839287955e-06,nan,nan,3.140979900800662e-06,nan,nan,4.356507563376186e-06,nan,nan,9.193262588171588e-06,nan,nan,8.10790394839852e-06,nan,nan,701,2.5
Min_DR,6.480732053428168e-06,0.179292,10.844897333333334,4.279298290940521e-06,0.22292366666666666,10.238213666666667,2.64932933649509e-06,0.216819,11.896488,1.2230152148905665e-06,0.23948466666666668,13.251164666666666,1.5706874140165776e-06,0.2683473333333333,11.350093666666666,1.2230152148905665e-06,0.23948466666666668,13.251164666666666,6.031643755734812e-06,0.178008,11.135972,5.078907799566265e-06,0.178998667,11.64447167,701,2.5
Max_DR,0.0005536146362626891,0.045179,2.894146,0.0007175071557285017,0.047309,1.173396,0.0005641285180750887,0.05129,2.554608,0.00055776211983446,0.064779,2.039317,0.00039000045117661635,0.092306,2.3781055,0.0007175071557285017,0.047309,1.173396,0.0008490517430982882,0.02657390811280643,2.032400356912489,0.0009663201969163668,0.019620575985972312,1.5664698958476797,724,2.5
99%_DR,0.0003272149011672637,nan,nan,0.0006586688547880707,nan,nan,0.00044828936917257103,nan,nan,0.0002556749844272517,nan,nan,0.0002961806265285563,nan,nan,0.00044828936917257103,nan,nan,0.0004824394760038381,nan,nan,0.00036004387786465125,nan,nan,724,2.5
95%_DR,0.0002338900931780004,nan,nan,0.0003656260843748344,nan,nan,0.0003387861222112601,nan,nan,0.00013715284516897835,nan,nan,0.00012911285896379795,nan,nan,0.0002624770159357489,nan,nan,0.00034962317349120835,nan,nan,0.0001312991573209829,nan,nan,724,2.5
5%_DR,1.8982296107467158e-05,nan,nan,2.4672509950864143e-05,nan,nan,1.954633351206462e-05,nan,nan,1.1455588554093482e-05,nan,nan,8.293265105592796e-06,nan,nan,1.3598504670527273e-05,nan,nan,1.8102759667149475e-05,nan,nan,1.698644257968161e-05,nan,nan,724,2.5
1%_DR,1.2212648426411858e-05,nan,nan,1.5042084430825703e-05,nan,nan,1.1194512392395296e-05,nan,nan,5.823469174233635e-06,nan,nan,5.378255226662107e-06,nan,nan,7.1479025265728796e-06,nan,nan,1.2484458500932824e-05,nan,nan,1.0400923807908037e-05,nan,nan,724,2.5
Min_DR,8.555066902147539e-06,0.17166700000000001,10.3302955,5.003082255882637e-06,0.221023,9.872733,3.986689755595264e-06,0.201717,11.32083,2.186450654982983e-06,0.22232933333333335,12.238145333333334,3.0702708050545514e-06,0.22552399999999997,11.086147666666667,2.186450654982983e-06,0.22232933333333335,12.238145333333334,8.94179838076044e-06,0.1594,10.794224,6.1833557673136674e-06,0.174444,11.233236,724,2.5
Max_DR,0.0004967557557199681,0.080164,1.923805,0.000637362603095717,0.061428,1.154133,0.000535527660516337,0.080958,1.513214,0.0005702147834517664,0.073293,1.515921,0.00034600748408468375,0.08150333333333333,3.0535496666666666,0.000637362603095717,0.061428,1.154133,0.0008399872381959789,0.029431024302782806,1.8586468120284159,0.0009088310589473698,0.024257699476898622,1.3193362415659247,754,2.5
99%_DR,0.0002465158384619485,nan,nan,0.000572523527776035,nan,nan,0.0004094966870790713,nan,nan,0.0002833967448828034,nan,nan,0.00026093674947591283,nan,nan,0.00040461088235342304,nan,nan,0.0004239910203187927,nan,nan,0.0002269694083223007,nan,nan,754,2.5
95%_DR,0.0001786205801589371,nan,nan,0.0003248214202658024,nan,nan,0.000286580528149221,nan,nan,0.00013421023486394064,nan,nan,0.00011919776373829971,nan,nan,0.00022531497727632972,nan,nan,0.00030747672038238005,nan,nan,0.00010740701322726782,nan,nan,754,2.5
5%_DR,1.7235466464969183e-05,nan,nan,2.069797886327062e-05,nan,nan,1.8191783796558777e-05,nan,nan,1.0035496740729311e-05,nan,nan,7.427415438163447e-06,nan,nan,1.2266624111494967e-05,nan,nan,1.533165280918404e-05,nan,nan,1.460978193972845e-05,nan,nan,754,2.5
1%_DR,1.1434548417424938e-05,nan,nan,1.1104057175414826e-05,nan,nan,9.60146106896196e-06,nan,nan,5.150942234300974e-06,nan,nan,4.786745890555712e-06,nan,nan,6.257727816801909e-06,nan,nan,1.1156847669717587e-05,nan,nan,7.3043348799133265e-06,nan,nan,754,2.5
Min_DR,6.335496622405117e-06,0.21025850000000001,9.612450500000001,6.277063649192015e-06,0.22891966666666666,8.990593000000002,3.564171651498892e-06,0.233688,10.348872,1.4694912434490115e-06,0.280529,11.106062333333334,2.577383422867899e-06,0.23894066666666666,11.060572666666667,1.4694912434490115e-06,0.280529,11.106062333333334,6.882676544488144e-06,0.230308,8.70794,4.407240181426566e-06,0.2269835,10.006248,754,2.5
Max_DR,0.0005045821600111564,0.06965900000000001,2.2435156666666667,0.0006817505421265996,0.051387,1.045873,0.0006360376411435666,0.061950000000000005,1.353083,0.0006444844728551387,0.060182,1.39379,0.0004193150457443401,0.07065133333333333,2.8276326666666667,0.0006817505421265996,0.051387,1.045873,0.0008853432278875135,0.0260148126651441,1.7483217010501266,0.0009292742449371363,0.022241131297500744,1.317128358621389,784,2.5
99%_DR,0.0003330202252896836,nan,nan,0.0006358546368069839,nan,nan,0.0004947418774448361,nan,nan,0.00036133255666746583,nan,nan,0.0003359623893948938,nan,nan,0.00047402156111536623,nan,nan,0.0005302388070798857,nan,nan,0.0003576227131869155,nan,nan,784,2.5
95%_DR,0.00023880688598936422,nan,nan,0.00038435253130162723,nan,nan,0.0003671547825338513,nan,nan,0.00018098347944961167,nan,nan,0.0001622013548228053,nan,nan,0.00028512310724493643,nan,nan,0.00037203200480441083,nan,nan,0.00013960600536676453,nan,nan,784,2.5
5%_DR,2.547134844126208e-05,nan,nan,3.0430447011059592e-05,nan,nan,2.8186755668306247e-05,nan,nan,1.663446257042905e-05,nan,nan,1.3001099460646055e-05,nan,nan,1.9493041034015146e-05,nan,nan,2.58388028823492e-05,nan,nan,1.81621211937365e-05,nan,nan,784,2.5
1%_DR,1.75343205616415e-05,nan,nan,1.8920875092354627e-05,nan,nan,1.6278324645974714e-05,nan,nan,9.062805269427624e-06,nan,nan,8.13870023369171e-06,nan,nan,1.0273409783250836e-05,nan,nan,1.7344492027614102e-05,nan,nan,1.0958753803108606e-05,nan,nan,784,2.5
Min_DR,9.723856204357639e-06,0.194885,8.986020666666667,1.104812210750958e-05,0.19909600000000002,8.486740666666668,5.375738624949221e-06,0.205829,10.251297,3.631834932697043e-06,0.2682523333333333,9.172330333333333,4.5141050448075635e-06,0.20271666666666666,10.898140666666665,3.631834932697043e-06,0.2682523333333333,9.172330333333333,1.0013265343300104e-05,0.197018,8.827195,7.939996583012226e-06,0.171408,10.578375,784,2.5
Max_DR,0.000642482289889709,0.05801200000000001,1.6315270000000002,0.000726681278641905,0.044719,1.09678,0.0007190023809610356,0.042153,1.934507,0.0006353413743139388,0.0582265,1.6963979999999999,0.000471713366797438,0.06721666666666666,2.5658093333333336,0.000726681278641905,0.044719,1.09678,0.000868520095543834,0.02814398828627161,1.6768232343824236,0.0008626126784271905,0.02809234150497563,1.209470398892963,814,2.5
99%_DR,0.00042646362625024315,nan,nan,0.0005834969575145338,nan,nan,0.0005265349369752904,nan,nan,0.0003770438888275306,nan,nan,0.0003761651525634945,nan,nan,0.0004877958565945637,nan,nan,0.000535697401380596,nan,nan,0.00039813324904711383,nan,nan,814,2.5
95%_DR,0.0002867476013067286,nan,nan,0.00039866062032641947,nan,nan,0.0004069502582987946,nan,nan,0.00021267645911027052,nan,nan,0.0001886070076658877,nan,nan,0.0003302300460258111,nan,nan,0.0004184171045710039,nan,nan,0.0001584754296842065,nan,nan,814,2.5
5%_DR,3.1913008561597324e-05,nan,nan,3.643567696354641e-05,nan,nan,3.4558470633965464e-05,nan,nan,2.074566507450392e-05,nan,nan,1.615195657815498e-05,nan,nan,2.379748941096443e-05,nan,nan,2.7431207757065538e-05,nan,nan,1.914628764096601e-05,nan,nan,814,2.5
1%_DR,2.11079614992253e-05,nan,nan,2.316897662582354e-05,nan,nan,1.9416990396059067e-05,nan,nan,1.097729341010916e-05,nan,nan,1.0605429959694387e-05,nan,nan,1.294715145537622e-05,nan,nan,1.6652244957376983e-05,nan,nan,1.157609360485408e-05,nan,nan,814,2.5
Min_DR,1.0950424099964828e-05,0.199959,8.481076,1.5082238251905525e-05,0.2112063333333333,7.308315333333333,6.683255851204818e-06,0.203182,9.72937,4.5135552863222445e-06,0.2697623333333333,8.601562333333334,5.844620818617255e-06,0.203426,10.104985666666666,4.5135552863222445e-06,0.2697623333333333,8.601562333333334,1.0038298239063285e-05,0.2152265,8.2108745,4.766967260566905e-06,0.246593,9.140351,814,2.5
Max_DR,0.0006094280277394655,0.06384433333333332,1.6288413333333331,0.0006742311618231255,0.048596,0.90836,0.0006423444045883515,0.060747999999999996,1.196511,0.0006255281963416939,0.061804,1.5702169999999998,0.00044168895950196836,0.07316266666666667,2.577245,0.0006742311618231255,0.048596,0.90836,0.0006423157781931837,0.0589635,1.562425,0.000849677222989188,0.028784446636345683,1.154837858172446,827,2.5
99%_DR,0.0003903285550271771,nan,nan,0.0006405246708936687,nan,nan,0.0005163988655207385,nan,nan,0.0003500405149649037,nan,nan,0.00034389757097683197,nan,nan,0.0005082305122315827,nan,nan,0.0004922066684267197,nan,nan,0.00045726701273393676,nan,nan,827,2.5
95%_DR,0.00026489834055748955,nan,nan,0.00040909839537608695,nan,nan,0.00039880396312657706,nan,nan,0.00019558050276976893,nan,nan,0.00017073694954241816,nan,nan,0.0003144975631737,nan,nan,0.0003789866370010626,nan,nan,0.00016911691752266117,nan,nan,827,2.5
5%_DR,2.8622687199543782e-05,nan,nan,3.3908465788157855e-05,nan,nan,3.1668944031075685e-05,nan,nan,1.871611411847495e-05,nan,nan,1.5156710028314103e-05,nan,nan,2.22420452265522e-05,nan,nan,3.5900379247320226e-05,nan,nan,2.0657444962279742e-05,nan,nan,827,2.5
1%_DR,1.9518158998138506e-05,nan,nan,2.120110281877165e-05,nan,nan,1.818988927976063e-05,nan,nan,1.0027860798112e-05,nan,nan,9.607755333936514e-06,nan,nan,1.2150226238885563e-05,nan,nan,2.1527820587415593e-05,nan,nan,1.2130931984488055e-05,nan,nan,827,2.5
Min_DR,9.747644367959811e-06,0.21065,8.433095666666667,1.4352986251120884e-05,0.209425,7.4822533333333325,6.303770701595874e-06,0.216353,9.405359,4.181337006570571e-06,0.28062133333333333,8.492767666666667,5.32048044004228e-06,0.21548066666666665,9.906345333333334,4.181337006570571e-06,0.28062133333333333,8.492767666666667,1.5699515327579054e-05,0.193518,7.741176,5.037595525397049e-06,0.26605,8.440109,827,2.5
Max_DR,0.000192915422079661,0.09627033333333333,2.275355333333333,0.00040040593659970133,0.060847,1.199392,0.0001951453215110862,0.12804300000000002,1.5626765,0.00018626245746224598,0.1031125,2.191636,0.00010108087787253938,0.09540399999999999,3.676574,0.00040040593659970133,0.060847,1.199392,0.0004252747794877531,0.03621108122662699,2.1626915416167023,0.0005764601557835654,0.024796374076105968,1.5991320782595013,673,3
99%_DR,8.473035854254438e-05,nan,nan,0.0002989035255352581,nan,nan,0.00012744046280855926,nan,nan,5.469225946159439e-05,nan,nan,5.2829618428508184e-05,nan,nan,0.00013971424153096527,nan,nan,0.00012145940874673107,nan,nan,4.897856764226652e-05,nan,nan,673,3
95%_DR,3.931260631007191e-05,nan,nan,0.00011214516724495552,nan,nan,7.807126152410076e-05,nan,nan,1.9400530782972666e-05,nan,nan,1.9217366954293265e-05,nan,nan,5.4569439180709966e-05,nan,nan,8.753616981499472e-05,nan,nan,2.0042327666263814e-05,nan,nan,673,3
5%_DR,1.2669580374565519e-06,nan,nan,1.8435930122560967e-06,nan,nan,1.3310093279949875e-06,nan,nan,4.81347869107115e-07,nan,nan,2.7206532993297267e-07,nan,nan,6.438730928990351e-07,nan,nan,1.5558861701923178e-06,nan,nan,1.60362050511701e-06,nan,nan,673,3
1%_DR,7.120692625119859e-07,nan,nan,5.394894031926904e-07,nan,nan,4.815225847190729e-07,nan,nan,1.5314505442277481e-07,nan,nan,9.991535967889403e-08,nan,nan,1.703849879715604e-07,nan,nan,8.452102039822216e-07,nan,nan,7.115324466346269e-07,nan,nan,673,3
Min_DR,3.3265254909127123e-07,0.219423,12.561047,1.6278768457231044e-07,0.30313366666666663,10.979082666666669,1.0968425995346649e-07,0.41735733333333336,8.844211666666666,2.9385033385820657e-08,0.34396133333333334,13.37968,5.214317862837246e-08,0.339914,12.249653333333333,2.9385033385820657e-08,0.34396133333333334,13.37968,3.189720995489616e-07,0.2615125,10.9037735,2.8001012047231223e-07,0.2027355,13.920864,673,3
Max_DR,0.0002309392409121635,0.08385733333333334,2.181123,0.00042499476163922114,0.054608,1.226332,0.00026027198173495073,0.100874,1.436201,0.0002358049628205837,0.086463,2.0634875,0.000130223913581799,0.08309233333333334,3.4912310000000004,0.00042499476163922114,0.054608,1.226332,0.00044259564841169717,0.03390205030824573,2.1431140533161854,0.0005810778356249612,0.023135574501162864,1.691831048760707,686,3
99%_DR,0.00011233218800490195,nan,nan,0.0003257395958916814,nan,nan,0.00017196815466378334,nan,nan,8.69431611658144e-05,nan,nan,8.143458965339465e-05,nan,nan,0.0001811705969923793,nan,nan,0.00018828130023864536,nan,nan,0.00010324850235424526,nan,nan,686,3
95%_DR,5.903785054115279e-05,nan,nan,0.00014320900798329658,nan,nan,0.00010962351470443831,nan,nan,3.0409905761701224e-05,nan,nan,2.6418474598366487e-05,nan,nan,7.726825563219386e-05,nan,nan,0.00012264635326701969,nan,nan,3.2815353335390274e-05,nan,nan,686,3
5%_DR,2.3004016981437377e-06,nan,nan,3.268586161741076e-06,nan,nan,2.372453773921665e-06,nan,nan,1.0078748408472349e-06,nan,nan,5.681581091470229e-07,nan,nan,1.218561802960971e-06,nan,nan,2.120717700861596e-06,nan,nan,2.081342330907192e-06,nan,nan,686,3
1%_DR,1.3171363586553054e-06,nan,nan,1.0772285094078644e-06,nan,nan,9.416915492764939e-07,nan,nan,3.6249422243055355e-07,nan,nan,2.179115449620833e-07,nan,nan,3.723344540678026e-07,nan,nan,1.2732174022077208e-06,nan,nan,1.184913064162967e-06,nan,nan,686,3
Min_DR,6.766662369141383e-07,0.24593733333333334,9.75382,3.7266821687726747e-07,0.2527703333333333,10.865581,2.5762368202941424e-07,0.240806,12.239002,8.108217606321517e-08,0.28298466666666666,13.317338333333332,1.1341259549614334e-07,0.30426966666666666,11.732917,8.108217606321517e-08,0.28298466666666666,13.317338333333332,6.878298109578027e-07,0.20253,11.453639,5.717432883348401e-07,0.179786,13.1827355,686,3
Max_DR,0.00027804885997438606,0.04489,3.015598,0.00045333963185968884,0.048471,1.222902,0.0002493391434097645,0.058781,2.757163,0.00026293225413821233,0.073663,2.1506605,0.00015491630610351282,0.10683,2.4928665,0.00045333963185968884,0.048471,1.222902,0.00047151951193873093,0.030444282771141102,2.1038896472568367,0.0006026223191793422,0.02075495312407325,1.6905660131459481,701,3
99%_DR,0.00013116545324950152,nan,nan,0.0003594352798867936,nan,nan,0.0001864592670150743,nan,nan,6.967876245423883e-05,nan,nan,9.830534337445356e-05,nan,nan,0.00018652925457074418,nan,nan,0.00023651195117308638,nan,nan,0.00014664151425750895,nan,nan,701,3
95%_DR,7.691373062294357e-05,nan,nan,0.0001498757131822856,nan,nan,0.00012923051219918406,nan,nan,3.9480176432082785e-05,nan,nan,3.372342172482982e-05,nan,nan,9.394008294574698e-05,nan,nan,0.0001497225754037091,nan,nan,4.2945253139538116e-05,nan,nan,701,3
5%_DR,3.61450490007281e-06,nan,nan,4.7612151811170915e-06,nan,nan,3.8400589679407375e-06,nan,nan,1.8281869526096857e-06,nan,nan,9.822215615195406e-07,nan,nan,2.12112451265968e-06,nan,nan,3.1131445734453726e-06,nan,nan,2.8653773571495873e-06,nan,nan,701,3
1%_DR,2.169294244522906e-06,nan,nan,2.1244438077991626e-06,nan,nan,1.7944771330389346e-06,nan,nan,7.643242786331997e-07,nan,nan,5.469571607749232e-07,nan,nan,8.103891288889736e-07,nan,nan,2.0425862309184276e-06,nan,nan,1.7710802819534934e-06,nan,nan,701,3
Min_DR,1.2930942040775212e-06,0.219367,9.222929,7.89014985560172e-07,0.22292366666666666,10.238213666666667,4.491690561372153e-07,0.216819,11.896488,1.7789121641161913e-07,0.23948466666666668,13.251164666666666,2.3569435696883302e-07,0.2683473333333333,11.350093666666666,1.7789121641161913e-07,0.23948466666666668,13.251164666666666,1.2153678872492984e-06,0.178008,11.135972,9.917580709471013e-07,0.178998667,11.64447167,701,3
Max_DR,0.0002973493445794223,0.069034,1.9713403333333333,0.00046070918851256624,0.047309,1.173396,0.000299524197970359,0.05129,2.554608,0.0003048075697556724,0.064779,2.039317,0.00019239489725527163,0.092306,2.3781055,0.00046070918851256624,0.047309,1.173396,0.000510261593875783,0.02657390811280643,2.032400356912489,0.0006253329385645232,0.019620575985972312,1.5664698958476797,724,3
99%_DR,0.00014971972288052224,nan,nan,0.00040923383695458913,nan,nan,0.00022612404985054255,nan,nan,0.00011027632524971457,nan,nan,0.00013241053315425074,nan,nan,0.00022825289023679126,nan,nan,0.0002465160109173768,nan,nan,0.00017244264034097163,nan,nan,724,3
95%_DR,9.920565132459258e-05,nan,nan,0.00017563204573494497,nan,nan,0.00015785165534243822,nan,nan,5.14732142244557e-05,nan,nan,4.80730223097667e-05,nan,nan,0.00011451544976601542,nan,nan,0.00016327215665327033,nan,nan,4.921736264119639e-05,nan,nan,724,3
5%_DR,4.85261847063159e-06,nan,nan,6.573077242600278e-06,nan,nan,5.01106029262809e-06,nan,nan,2.5835096827495146e-06,nan,nan,1.7635286150061622e-06,nan,nan,3.1909047792191646e-06,nan,nan,4.498822593411688e-06,nan,nan,4.301122367910981e-06,nan,nan,724,3
1%_DR,2.8779569386561893e-06,nan,nan,3.5646399498870177e-06,nan,nan,2.5165837130273434e-06,nan,nan,1.1695353910477593e-06,nan,nan,1.0460512117166015e-06,nan,nan,1.4862911688071174e-06,nan,nan,2.948701862501608e-06,nan,nan,2.3961093801109397e-06,nan,nan,724,3
Min_DR,1.8430322326184706e-06,0.17166700000000001,10.3302955,9.501790160610958e-07,0.221023,9.872733,7.343415942052777e-07,0.201717,11.32083,3.5687008058154595e-07,0.22232933333333335,12.238145333333334,5.320625442515993e-07,0.22552399999999997,11.086147666666667,3.5687008058154595e-07,0.22232933333333335,12.238145333333334,1.9587213469975504e-06,0.1594,10.794224,1.2545936350341989e-06,0.174444,11.233236,724,3
Max_DR,0.00026729518460015186,0.080164,1.923805,0.00040011501275219994,0.061428,1.154133,0.000308157049168331,0.0882,1.2387305,0.00033061751413676274,0.073293,1.515921,0.0001616480418270737,0.08150333333333333,3.0535496666666666,0.00040011501275219994,0.061428,1.154133,0.0005107849578563785,0.029431024302782806,1.8586468120284159,0.0005999752010136195,0.024257699476898622,1.3193362415659247,754,3
99%_DR,0.00010589323721634738,nan,nan,0.00032281754377108375,nan,nan,0.00020525399255573427,nan,nan,0.00012656760873821924,nan,nan,0.00011428496258379877,nan,nan,0.00020160236778086406,nan,nan,0.00021000862348701237,nan,nan,9.566157473831571e-05,nan,nan,754,3
95%_DR,7.098351653314339e-05,nan,nan,0.0001558458734193103,nan,nan,0.00012799913803282882,nan,nan,5.012245371931452e-05,nan,nan,4.3280091441817564e-05,nan,nan,9.506195805590467e-05,nan,nan,0.00013891571549634512,nan,nan,3.87068857189568e-05,nan,nan,754,3
5%_DR,4.2752465184359405e-06,nan,nan,5.2817487177533115e-06,nan,nan,4.404621344656114e-06,nan,nan,2.213780787579539e-06,nan,nan,1.538733732995766e-06,nan,nan,2.7958812396677025e-06,nan,nan,3.7030893903904182e-06,nan,nan,3.4673484912905887e-06,nan,nan,754,3
1%_DR,2.568820976870232e-06,nan,nan,2.465597819901073e-06,nan,nan,2.0893529125210834e-06,nan,nan,9.728669640092452e-07,nan,nan,9.015885698786236e-07,nan,nan,1.2329826906635385e-06,nan,nan,2.5105476438451357e-06,nan,nan,1.5311949056286624e-06,nan,nan,754,3
Min_DR,1.263361660528464e-06,0.21025850000000001,9.612450500000001,1.238483530993777e-06,0.22891966666666666,8.990593000000002,6.320778820651951e-07,0.233688,10.348872,2.1665064001033437e-07,0.280529,11.106062333333334,4.295880830018793e-07,0.23894066666666666,11.060572666666667,2.1665064001033437e-07,0.280529,11.106062333333334,1.380622600584794e-06,0.230308,8.70794,8.153415143348355e-07,0.2269835,10.006248,754,3
Max_DR,0.00026571707067214636,0.06965900000000001,2.2435156666666667,0.0004434317859073192,0.051387,1.045873,0.0003863183097742978,0.061950000000000005,1.353083,0.00039023685155703644,0.060182,1.39379,0.00021016239540550558,0.08887533333333332,2.2678776666666667,0.0004434317859073192,0.051387,1.045873,0.0005505809389928156,0.0260148126651441,1.7483217010501266,0.0006167122663422069,0.022241131297500744,1.317128358621389,784,3
99%_DR,0.00015424937887651753,nan,nan,0.0003830611935592398,nan,nan,0.00025771731930157793,nan,nan,0.00017124272962052418,nan,nan,0.00015991325002769755,nan,nan,0.00024696671987554296,nan,nan,0.0002837119316637794,nan,nan,0.00016759746422384392,nan,nan,784,3
95%_DR,0.0001014154805982953,nan,nan,0.00018860892399154958,nan,nan,0.00017346944148155033,nan,nan,7.225087055953061e-05,nan,nan,6.317187944299603e-05,nan,nan,0.00012748825588986074,nan,nan,0.00017594876690917198,nan,nan,5.3215006986764856e-05,nan,nan,784,3
5%_DR,6.741060885670474e-06,nan,nan,8.349314686132406e-06,nan,nan,7.77495130402437e-06,nan,nan,4.0346327895352966e-06,nan,nan,3.017076690619795e-06,nan,nan,4.927219988320466e-06,nan,nan,7.146546223252754e-06,nan,nan,4.534215801638988e-06,nan,nan,784,3
1%_DR,4.320494258923959e-06,nan,nan,4.689778108556764e-06,nan,nan,3.921139599773338e-06,nan,nan,1.936720094226462e-06,nan,nan,1.6999085738479862e-06,nan,nan,2.2692201933357593e-06,nan,nan,4.29720134329582e-06,nan,nan,2.502129085689088e-06,nan,nan,784,3
Min_DR,2.114305478088839e-06,0.194885,8.986020666666667,2.4541876722429984e-06,0.19909600000000002,8.486740666666668,1.0427897581235284e-06,0.205829,10.251297,6.367624114587707e-07,0.2682523333333333,9.172330333333333,8.498579345315411e-07,0.20271666666666666,10.898140666666665,6.367624114587707e-07,0.2682523333333333,9.172330333333333,2.186573010130084e-06,0.197018,8.827195,1.688148395188457e-06,0.171408,10.578375,784,3
Max_DR,0.0003769099767480747,0.05801200000000001,1.6315270000000002,0.0004745711012885293,0.044719,1.09678,0.0004193540190572846,0.042153,1.934507,0.0003690797811657669,0.0582265,1.6963979999999999,0.00024119543305711072,0.08422333333333333,2.0682516666666664,0.0004745711012885293,0.044719,1.09678,0.0005418212235421807,0.02814398828627161,1.6768232343824236,0.0005730992807910096,0.02809234150497563,1.209470398892963,814,3
99%_DR,0.00021188085163635642,nan,nan,0.0003384210689447536,nan,nan,0.00028610922740140944,nan,nan,0.00018217003393571014,nan,nan,0.00018192354257933103,nan,nan,0.0002595813958984684,nan,nan,0.00028486203908081935,nan,nan,0.00019163201495561754,nan,nan,814,3
95%_DR,0.00012715656327901147,nan,nan,0.00019878128133765506,nan,nan,0.00020493755379634722,nan,nan,8.79816460020935e-05,nan,nan,7.591221774470355e-05,nan,nan,0.00015358613627937585,nan,nan,0.00020437010324704137,nan,nan,6.192222329501218e-05,nan,nan,814,3
5%_DR,8.947426662356508e-06,nan,nan,1.0363643368880715e-05,nan,nan,9.70414445576134e-06,nan,nan,5.273273106190816e-06,nan,nan,3.943005428095728e-06,nan,nan,6.231098852781228e-06,nan,nan,7.536526354038389e-06,nan,nan,4.81989947449706e-06,nan,nan,814,3
1%_DR,5.377821001605384e-06,nan,nan,5.957743144785623e-06,nan,nan,4.846041238243784e-06,nan,nan,2.434604372168368e-06,nan,nan,2.348023278894914e-06,nan,nan,3.012544894177343e-06,nan,nan,4.052826962706554e-06,nan,nan,2.6452201256805416e-06,nan,nan,814,3
Min_DR,2.4274806982901945e-06,0.199959,8.481076,3.5336355553168783e-06,0.2112063333333333,7.308315333333333,1.3508434252910786e-06,0.203182,9.72937,8.239286950792169e-07,0.2697623333333333,8.601562333333334,1.152668914117901e-06,0.203426,10.104985666666666,8.239286950792169e-07,0.2697623333333333,8.601562333333334,2.174509136722802e-06,0.2152265,8.2108745,8.868934047602284e-07,0.246593,9.140351,814,3
Max_DR,0.0003535335571155389,0.06384433333333332,1.6288413333333331,0.0004509451675764041,0.048596,0.90836,0.00040093518059270924,0.060747999999999996,1.196511,0.000367530944305664,0.061804,1.5702169999999998,0.00022166236863518224,0.07316266666666667,2.577245,0.0004509451675764041,0.048596,0.90836,0.0003799467732531117,0.0589635,1.562425,0.0005680951038642438,0.028784446636345683,1.154837858172446,827,3
99%_DR,0.0001886173811158162,nan,nan,0.0003950895174608803,nan,nan,0.0002816945254185484,nan,nan,0.00016579334190136498,nan,nan,0.00016665613563091063,nan,nan,0.00027627452934455595,nan,nan,0.0002700259226100816,nan,nan,0.0002317899119853782,nan,nan,827,3
95%_DR,0.00011522002447588071,nan,nan,0.00021454306747148435,nan,nan,0.0001937847333806751,nan,nan,7.93794931848026e-05,nan,nan,6.713799626776951e-05,nan,nan,0.0001438671939904285,nan,nan,0.0001835344594959819,nan,nan,6.66150980288586e-05,nan,nan,827,3
5%_DR,7.806983695813531e-06,nan,nan,9.640928027841788e-06,nan,nan,8.820606018899573e-06,nan,nan,4.684501612757765e-06,nan,nan,3.598233069020202e-06,nan,nan,5.723918387151156e-06,nan,nan,1.0169256254624181e-05,nan,nan,5.321864985268614e-06,nan,nan,827,3
1%_DR,4.913041699402684e-06,nan,nan,5.36054817638837e-06,nan,nan,4.479672316729688e-06,nan,nan,2.167047478933069e-06,nan,nan,2.0649295266149926e-06,nan,nan,2.770920890474034e-06,nan,nan,5.508727654350113e-06,nan,nan,2.735583219539971e-06,nan,nan,827,3
Min_DR,2.1042102359712017e-06,0.21065,8.433095666666667,3.3334614284559026e-06,0.209425,7.4822533333333325,1.2520279380518324e-06,0.216353,9.405359,7.495816482591951e-07,0.28062133333333333,8.492767666666667,1.02480029382073e-06,0.21548066666666665,9.906345333333334,7.495816482591951e-07,0.28062133333333333,8.492767666666667,3.732724356541283e-06,0.193518,7.741176,9.400862280358854e-07,0.26605,8.440109,827,3
